<?xml version="1.0" encoding="utf-8"?>
<!--
This XML file declares which signature|privileged permissions should be granted to privileged
applications on GMS or Google-branded devices.
It allows additional grants on top of privapp-permissions-platform.xml
-->
<permissions>
    <privapp-permissions package="com.android.camera">
        <!-- Camera -->
        <permission name="android.permission.CAMERA"/>
        <!-- Location -->
        <permission name="android.permission.ACCESS_COARSE_LOCATION"/>
        <permission name="android.permission.ACCESS_FINE_LOCATION"/>
        <!-- Microphone -->
        <permission name="android.permission.RECORD_AUDIO"/>
        <!-- Phone -->
        <permission name="android.permission.READ_PHONE_STATE"/>
        <!-- Storage -->
        <permission name="android.permission.READ_EXTERNAL_STORAGE"/>
        <permission name="android.permission.WRITE_EXTERNAL_STORAGE"/>
        <!-- Omni -->
        <permission name="android.permission.WRITE_MEDIA_STORAGE"/>
        <permission name="android.permission.INTERACT_ACROSS_USERS"/>
        <permission name="android.permission.WRITE_SECURE_SETTINGS"/>
        <permission name="android.permission.PACKAGE_USAGE_STATS"/>
    </privapp-permissions>
</permissions>
